model_stage,eval_set,rows,accuracy,macro_f1,weighted_f1,off_by_one_accuracy,mae,high_priority_recall_p1_p2,low_priority_recall_p4_p5,p1_recall,p2_recall,p3_recall,p4_recall,p5_recall
bm25_boundary_best,natural_holdout,995,0.7115577889447237,0.7108415125048996,0.7109834188744183,0.8954773869346734,0.4301507537688442,0.8639798488664987,0.8140703517587939,0.6733668341708543,0.6515151515151515,0.84,0.6532663316582915,0.7386934673366834
