eval_set,rows,accuracy,macro_f1,weighted_f1,off_by_one_accuracy,mae,high_priority_recall_p1_p2,low_priority_recall_p4_p5,p1_recall,p2_recall,p3_recall,p4_recall,p5_recall,model_stage
natural_holdout,995,0.7236180904522613,0.7234943394564356,0.7236517678212625,0.9025125628140703,0.40904522613065325,0.8765743073047859,0.8190954773869347,0.6030150753768844,0.7171717171717171,0.865,0.6984924623115578,0.7336683417085427,final_objective_best
