model_stage,eval_set,rows,accuracy,macro_f1,weighted_f1,off_by_one_accuracy,mae,high_priority_recall_p1_p2,low_priority_recall_p4_p5,p1_recall,p2_recall,p3_recall,p4_recall,p5_recall
bm25_boundary_best,natural_holdout,995,0.7246231155778895,0.7240249029947492,0.724168670214862,0.8994974874371859,0.40904522613065325,0.8614609571788413,0.8140703517587939,0.6482412060301508,0.6818181818181818,0.875,0.6834170854271356,0.7336683417085427
