model_stage,eval_set,rows,accuracy,macro_f1,weighted_f1,off_by_one_accuracy,mae,high_priority_recall_p1_p2,low_priority_recall_p4_p5,p1_recall,p2_recall,p3_recall,p4_recall,p5_recall
bm25_boundary_best,natural_holdout,995,0.7195979899497488,0.7195341984465045,0.7196791074825263,0.9015075376884422,0.41105527638190953,0.8790931989924433,0.8291457286432161,0.6482412060301508,0.6868686868686869,0.835,0.678391959798995,0.7487437185929648
