model_stage,eval_set,rows,accuracy,macro_f1,weighted_f1,off_by_one_accuracy,mae,high_priority_recall_p1_p2,low_priority_recall_p4_p5,p1_recall,p2_recall,p3_recall,p4_recall,p5_recall
bm25_boundary_best,natural_holdout,995,0.7095477386934673,0.7094115985824015,0.7096168689661505,0.9115577889447236,0.41105527638190953,0.8690176322418136,0.8618090452261307,0.6984924623115578,0.5606060606060606,0.805,0.7537688442211056,0.7286432160804021
