eval_set,rows,accuracy,macro_f1,weighted_f1,macro_recall,min_recall,off_by_one_accuracy,mae,p1_recall,p2_recall,p3_recall,p4_recall,p5_recall,model_stage
natural_holdout,995,0.7316582914572864,0.7309376699200638,0.7310795865409268,0.7314641388761991,0.6582914572864321,0.9025125628140703,0.4,0.6582914572864321,0.6818181818181818,0.875,0.7085427135678392,0.7336683417085427,recall_balanced_best
