eval_set,priority,label,precision,recall,f1,support
natural_holdout,P1,P1 Blocker,0.7660818713450293,0.6582914572864321,0.7081081081081081,199
natural_holdout,P2,P2 Critical,0.6476190476190476,0.6868686868686869,0.6666666666666666,198
natural_holdout,P3,P3 Major,0.755656108597285,0.835,0.7933491686460807,200
natural_holdout,P4,P4 Minor,0.6729857819905213,0.7135678391959799,0.6926829268292682,199
natural_holdout,P5,P5 Trivial,0.8076923076923077,0.7386934673366834,0.7716535433070866,199
