eval_set,rows,accuracy,macro_f1,weighted_f1,macro_recall,min_recall,off_by_one_accuracy,mae,p1_recall,p2_recall,p3_recall,p4_recall,p5_recall,model_stage
natural_holdout,995,0.7266331658291457,0.726492082711442,0.7266194018089089,0.7264842901375564,0.6582914572864321,0.9045226130653267,0.4040201005025126,0.6582914572864321,0.6868686868686869,0.835,0.7135678391959799,0.7386934673366834,recall_balanced_best
